Material Inner,Material Outer,MAWP (Pa),Tank Volume (m^3),Tank Mass (kg),Mass Error (kg),Inner Tank Thickness (m),Outer Tank Thickness (m),Vacuum Gap (m),Inner Tank Length (m),Vh2 (m^3),R_in (m),CO2 (kg),Embodied Energy (MJ)
Al-7075-T6,Al-7075-T6,1200000,20.67717982996485,882.0743095426594,-639.7828333144835,0.0021548821548821547,0.00025782189059873764,0.32142175008531154,5.207892660548137,9.398759194334511,0.8,3340.3445807315647,54387.09672083605
Al-7075-T6,G10,1200000,38.664152689989145,917.1703264426724,-604.6868164144705,0.0021548821548821547,0.0005605184157329193,0.6714971198147105,5.207892660548137,9.398759194334511,0.8,4100.829361608901,75284.69631831074
G10,Al-7075-T6,1200000,20.798927203652347,935.0123216675848,-586.844821189558,0.0035794183445190158,0.0002584820981671306,0.32289997700171014,5.207892660548137,9.398759194334511,0.8,5253.532750760962,111753.92300936498
G10,G10,1200000,39.13761784092122,970.756395824755,-551.1007470323879,0.0035794183445190158,0.0005634230482323488,0.6777609373023199,5.207892660548137,9.398759194334511,0.8,6025.279365404453,132939.3031708615
